<annotation>
	<folder>contraloria</folder>
	<filename>20240401-171201.jpg</filename>
	<path>/contraloria/20240401-171201.jpg</path>
	<source>
		<database>Unspecified</database>
	</source>
	<size>
		<width>1280</width>
		<height>1024</height>
		<depth>3</depth>
	</size>
	<object>
		<name>person</name>
		<pose>Unspecified</pose>
		<truncated>0</truncated>
		<difficult>0</difficult>
		<bndbox>
			<xmin>531</xmin>
			<ymin>442</ymin>
			<xmax>566</xmax>
			<ymax>492</ymax>
		</bndbox>
	</object>
</annotation>