<annotation>
	<folder>my-project-name</folder>
	<filename>20240402-083006.jpg</filename>
	<path>/my-project-name/20240402-083006.jpg</path>
	<source>
		<database>Unspecified</database>
	</source>
	<size>
		<width>1280</width>
		<height>1024</height>
		<depth>3</depth>
	</size>
	<object>
		<name>excavator</name>
		<pose>Unspecified</pose>
		<truncated>0</truncated>
		<difficult>0</difficult>
		<bndbox>
			<xmin>599</xmin>
			<ymin>370</ymin>
			<xmax>769</xmax>
			<ymax>469</ymax>
		</bndbox>
	</object>
	<object>
		<name>dump_truck</name>
		<pose>Unspecified</pose>
		<truncated>0</truncated>
		<difficult>0</difficult>
		<bndbox>
			<xmin>758</xmin>
			<ymin>279</ymin>
			<xmax>1045</xmax>
			<ymax>450</ymax>
		</bndbox>
	</object>
	<object>
		<name>steamroller</name>
		<pose>Unspecified</pose>
		<truncated>0</truncated>
		<difficult>0</difficult>
		<bndbox>
			<xmin>366</xmin>
			<ymin>411</ymin>
			<xmax>507</xmax>
			<ymax>526</ymax>
		</bndbox>
	</object>
</annotation>