<annotation>
	<folder>my-project-name</folder>
	<filename>20240402-115530.jpg</filename>
	<path>/my-project-name/20240402-115530.jpg</path>
	<source>
		<database>Unspecified</database>
	</source>
	<size>
		<width>1280</width>
		<height>1024</height>
		<depth>3</depth>
	</size>
	<object>
		<name>steamroller</name>
		<pose>Unspecified</pose>
		<truncated>0</truncated>
		<difficult>0</difficult>
		<bndbox>
			<xmin>181</xmin>
			<ymin>460</ymin>
			<xmax>265</xmax>
			<ymax>532</ymax>
		</bndbox>
	</object>
	<object>
		<name>dump_truck</name>
		<pose>Unspecified</pose>
		<truncated>0</truncated>
		<difficult>0</difficult>
		<bndbox>
			<xmin>316</xmin>
			<ymin>540</ymin>
			<xmax>690</xmax>
			<ymax>697</ymax>
		</bndbox>
	</object>
	<object>
		<name>excavator</name>
		<pose>Unspecified</pose>
		<truncated>0</truncated>
		<difficult>0</difficult>
		<bndbox>
			<xmin>883</xmin>
			<ymin>304</ymin>
			<xmax>1002</xmax>
			<ymax>487</ymax>
		</bndbox>
	</object>
</annotation>