<annotation>
	<folder>my-project-name</folder>
	<filename>20240402-085026.jpg</filename>
	<path>/my-project-name/20240402-085026.jpg</path>
	<source>
		<database>Unspecified</database>
	</source>
	<size>
		<width>1280</width>
		<height>1024</height>
		<depth>3</depth>
	</size>
	<object>
		<name>excavator</name>
		<pose>Unspecified</pose>
		<truncated>0</truncated>
		<difficult>0</difficult>
		<bndbox>
			<xmin>648</xmin>
			<ymin>351</ymin>
			<xmax>759</xmax>
			<ymax>471</ymax>
		</bndbox>
	</object>
	<object>
		<name>steamroller</name>
		<pose>Unspecified</pose>
		<truncated>0</truncated>
		<difficult>0</difficult>
		<bndbox>
			<xmin>180</xmin>
			<ymin>452</ymin>
			<xmax>268</xmax>
			<ymax>532</ymax>
		</bndbox>
	</object>
</annotation>