<annotation>
	<folder>my-project-name</folder>
	<filename>20240402-082316.jpg</filename>
	<path>/my-project-name/20240402-082316.jpg</path>
	<source>
		<database>Unspecified</database>
	</source>
	<size>
		<width>1280</width>
		<height>1024</height>
		<depth>3</depth>
	</size>
	<object>
		<name>person</name>
		<pose>Unspecified</pose>
		<truncated>0</truncated>
		<difficult>0</difficult>
		<bndbox>
			<xmin>87</xmin>
			<ymin>541</ymin>
			<xmax>120</xmax>
			<ymax>606</ymax>
		</bndbox>
	</object>
	<object>
		<name>excavator</name>
		<pose>Unspecified</pose>
		<truncated>0</truncated>
		<difficult>0</difficult>
		<bndbox>
			<xmin>597</xmin>
			<ymin>368</ymin>
			<xmax>777</xmax>
			<ymax>464</ymax>
		</bndbox>
	</object>
	<object>
		<name>steamroller</name>
		<pose>Unspecified</pose>
		<truncated>0</truncated>
		<difficult>0</difficult>
		<bndbox>
			<xmin>149</xmin>
			<ymin>454</ymin>
			<xmax>253</xmax>
			<ymax>537</ymax>
		</bndbox>
	</object>
</annotation>