<annotation>
	<folder>my-project-name</folder>
	<filename>20240402-173100.jpg</filename>
	<path>/my-project-name/20240402-173100.jpg</path>
	<source>
		<database>Unspecified</database>
	</source>
	<size>
		<width>1280</width>
		<height>1024</height>
		<depth>3</depth>
	</size>
	<object>
		<name>steamroller</name>
		<pose>Unspecified</pose>
		<truncated>0</truncated>
		<difficult>0</difficult>
		<bndbox>
			<xmin>185</xmin>
			<ymin>459</ymin>
			<xmax>266</xmax>
			<ymax>529</ymax>
		</bndbox>
	</object>
	<object>
		<name>excavator</name>
		<pose>Unspecified</pose>
		<truncated>0</truncated>
		<difficult>0</difficult>
		<bndbox>
			<xmin>284</xmin>
			<ymin>453</ymin>
			<xmax>499</xmax>
			<ymax>552</ymax>
		</bndbox>
	</object>
</annotation>