<annotation>
	<folder>my-project-name</folder>
	<filename>20240402-172257.jpg</filename>
	<path>/my-project-name/20240402-172257.jpg</path>
	<source>
		<database>Unspecified</database>
	</source>
	<size>
		<width>1280</width>
		<height>1024</height>
		<depth>3</depth>
	</size>
	<object>
		<name>excavator</name>
		<pose>Unspecified</pose>
		<truncated>0</truncated>
		<difficult>0</difficult>
		<bndbox>
			<xmin>284</xmin>
			<ymin>453</ymin>
			<xmax>498</xmax>
			<ymax>556</ymax>
		</bndbox>
	</object>
	<object>
		<name>steamroller</name>
		<pose>Unspecified</pose>
		<truncated>0</truncated>
		<difficult>0</difficult>
		<bndbox>
			<xmin>188</xmin>
			<ymin>461</ymin>
			<xmax>269</xmax>
			<ymax>529</ymax>
		</bndbox>
	</object>
</annotation>