<annotation>
	<folder>my-project-name</folder>
	<filename>20240402-113351.jpg</filename>
	<path>/my-project-name/20240402-113351.jpg</path>
	<source>
		<database>Unspecified</database>
	</source>
	<size>
		<width>1280</width>
		<height>1024</height>
		<depth>3</depth>
	</size>
	<object>
		<name>person</name>
		<pose>Unspecified</pose>
		<truncated>0</truncated>
		<difficult>0</difficult>
		<bndbox>
			<xmin>561</xmin>
			<ymin>516</ymin>
			<xmax>605</xmax>
			<ymax>603</ymax>
		</bndbox>
	</object>
	<object>
		<name>steamroller</name>
		<pose>Unspecified</pose>
		<truncated>0</truncated>
		<difficult>0</difficult>
		<bndbox>
			<xmin>180</xmin>
			<ymin>452</ymin>
			<xmax>270</xmax>
			<ymax>526</ymax>
		</bndbox>
	</object>
	<object>
		<name>dump_truck</name>
		<pose>Unspecified</pose>
		<truncated>0</truncated>
		<difficult>0</difficult>
		<bndbox>
			<xmin>51</xmin>
			<ymin>530</ymin>
			<xmax>306</xmax>
			<ymax>699</ymax>
		</bndbox>
	</object>
</annotation>