<annotation>
	<folder>my-project-name</folder>
	<filename>20240402-151350.jpg</filename>
	<path>/my-project-name/20240402-151350.jpg</path>
	<source>
		<database>Unspecified</database>
	</source>
	<size>
		<width>1280</width>
		<height>1024</height>
		<depth>3</depth>
	</size>
	<object>
		<name>steamroller</name>
		<pose>Unspecified</pose>
		<truncated>0</truncated>
		<difficult>0</difficult>
		<bndbox>
			<xmin>183</xmin>
			<ymin>473</ymin>
			<xmax>262</xmax>
			<ymax>532</ymax>
		</bndbox>
	</object>
	<object>
		<name>person</name>
		<pose>Unspecified</pose>
		<truncated>0</truncated>
		<difficult>0</difficult>
		<bndbox>
			<xmin>155</xmin>
			<ymin>626</ymin>
			<xmax>198</xmax>
			<ymax>686</ymax>
		</bndbox>
	</object>
</annotation>