<annotation>
	<folder>my-project-name</folder>
	<filename>20240402-125516.jpg</filename>
	<path>/my-project-name/20240402-125516.jpg</path>
	<source>
		<database>Unspecified</database>
	</source>
	<size>
		<width>1280</width>
		<height>1024</height>
		<depth>3</depth>
	</size>
	<object>
		<name>person</name>
		<pose>Unspecified</pose>
		<truncated>0</truncated>
		<difficult>0</difficult>
		<bndbox>
			<xmin>282</xmin>
			<ymin>537</ymin>
			<xmax>313</xmax>
			<ymax>593</ymax>
		</bndbox>
	</object>
	<object>
		<name>person</name>
		<pose>Unspecified</pose>
		<truncated>0</truncated>
		<difficult>0</difficult>
		<bndbox>
			<xmin>333</xmin>
			<ymin>534</ymin>
			<xmax>358</xmax>
			<ymax>596</ymax>
		</bndbox>
	</object>
	<object>
		<name>person</name>
		<pose>Unspecified</pose>
		<truncated>0</truncated>
		<difficult>0</difficult>
		<bndbox>
			<xmin>364</xmin>
			<ymin>518</ymin>
			<xmax>390</xmax>
			<ymax>585</ymax>
		</bndbox>
	</object>
</annotation>