<annotation>
	<folder>my-project-name</folder>
	<filename>20240402-145732.jpg</filename>
	<path>/my-project-name/20240402-145732.jpg</path>
	<source>
		<database>Unspecified</database>
	</source>
	<size>
		<width>1280</width>
		<height>1024</height>
		<depth>3</depth>
	</size>
	<object>
		<name>person</name>
		<pose>Unspecified</pose>
		<truncated>0</truncated>
		<difficult>0</difficult>
		<bndbox>
			<xmin>882</xmin>
			<ymin>417</ymin>
			<xmax>917</xmax>
			<ymax>490</ymax>
		</bndbox>
	</object>
	<object>
		<name>steamroller</name>
		<pose>Unspecified</pose>
		<truncated>0</truncated>
		<difficult>0</difficult>
		<bndbox>
			<xmin>184</xmin>
			<ymin>468</ymin>
			<xmax>262</xmax>
			<ymax>530</ymax>
		</bndbox>
	</object>
</annotation>