<annotation>
	<folder>my-project-name</folder>
	<filename>20240402-113915.jpg</filename>
	<path>/my-project-name/20240402-113915.jpg</path>
	<source>
		<database>Unspecified</database>
	</source>
	<size>
		<width>1280</width>
		<height>1024</height>
		<depth>3</depth>
	</size>
	<object>
		<name>dump_truck</name>
		<pose>Unspecified</pose>
		<truncated>0</truncated>
		<difficult>0</difficult>
		<bndbox>
			<xmin>55</xmin>
			<ymin>543</ymin>
			<xmax>309</xmax>
			<ymax>699</ymax>
		</bndbox>
	</object>
	<object>
		<name>excavator</name>
		<pose>Unspecified</pose>
		<truncated>0</truncated>
		<difficult>0</difficult>
		<bndbox>
			<xmin>456</xmin>
			<ymin>389</ymin>
			<xmax>626</xmax>
			<ymax>506</ymax>
		</bndbox>
	</object>
	<object>
		<name>steamroller</name>
		<pose>Unspecified</pose>
		<truncated>0</truncated>
		<difficult>0</difficult>
		<bndbox>
			<xmin>180</xmin>
			<ymin>453</ymin>
			<xmax>274</xmax>
			<ymax>526</ymax>
		</bndbox>
	</object>
</annotation>