<annotation>
	<folder>my-project-name</folder>
	<filename>20240402-093106.jpg</filename>
	<path>/my-project-name/20240402-093106.jpg</path>
	<source>
		<database>Unspecified</database>
	</source>
	<size>
		<width>1280</width>
		<height>1024</height>
		<depth>3</depth>
	</size>
	<object>
		<name>person</name>
		<pose>Unspecified</pose>
		<truncated>0</truncated>
		<difficult>0</difficult>
		<bndbox>
			<xmin>177</xmin>
			<ymin>589</ymin>
			<xmax>225</xmax>
			<ymax>679</ymax>
		</bndbox>
	</object>
	<object>
		<name>excavator</name>
		<pose>Unspecified</pose>
		<truncated>0</truncated>
		<difficult>0</difficult>
		<bndbox>
			<xmin>279</xmin>
			<ymin>445</ymin>
			<xmax>476</xmax>
			<ymax>527</ymax>
		</bndbox>
	</object>
	<object>
		<name>steamroller</name>
		<pose>Unspecified</pose>
		<truncated>0</truncated>
		<difficult>0</difficult>
		<bndbox>
			<xmin>181</xmin>
			<ymin>454</ymin>
			<xmax>265</xmax>
			<ymax>525</ymax>
		</bndbox>
	</object>
</annotation>