<annotation>
	<folder>my-project-name</folder>
	<filename>20240402-084906.jpg</filename>
	<path>/my-project-name/20240402-084906.jpg</path>
	<source>
		<database>Unspecified</database>
	</source>
	<size>
		<width>1280</width>
		<height>1024</height>
		<depth>3</depth>
	</size>
	<object>
		<name>person</name>
		<pose>Unspecified</pose>
		<truncated>0</truncated>
		<difficult>0</difficult>
		<bndbox>
			<xmin>1238</xmin>
			<ymin>289</ymin>
			<xmax>1270</xmax>
			<ymax>359</ymax>
		</bndbox>
	</object>
	<object>
		<name>steamroller</name>
		<pose>Unspecified</pose>
		<truncated>0</truncated>
		<difficult>0</difficult>
		<bndbox>
			<xmin>178</xmin>
			<ymin>452</ymin>
			<xmax>279</xmax>
			<ymax>536</ymax>
		</bndbox>
	</object>
	<object>
		<name>excavator</name>
		<pose>Unspecified</pose>
		<truncated>0</truncated>
		<difficult>0</difficult>
		<bndbox>
			<xmin>637</xmin>
			<ymin>356</ymin>
			<xmax>741</xmax>
			<ymax>499</ymax>
		</bndbox>
	</object>
</annotation>