<annotation>
	<folder>my-project-name</folder>
	<filename>20240402-081221.jpg</filename>
	<path>/my-project-name/20240402-081221.jpg</path>
	<source>
		<database>Unspecified</database>
	</source>
	<size>
		<width>1280</width>
		<height>1024</height>
		<depth>3</depth>
	</size>
	<object>
		<name>person</name>
		<pose>Unspecified</pose>
		<truncated>0</truncated>
		<difficult>0</difficult>
		<bndbox>
			<xmin>86</xmin>
			<ymin>557</ymin>
			<xmax>111</xmax>
			<ymax>589</ymax>
		</bndbox>
	</object>
	<object>
		<name>excavator</name>
		<pose>Unspecified</pose>
		<truncated>0</truncated>
		<difficult>0</difficult>
		<bndbox>
			<xmin>200</xmin>
			<ymin>419</ymin>
			<xmax>390</xmax>
			<ymax>572</ymax>
		</bndbox>
	</object>
	<object>
		<name>steamroller</name>
		<pose>Unspecified</pose>
		<truncated>0</truncated>
		<difficult>0</difficult>
		<bndbox>
			<xmin>155</xmin>
			<ymin>459</ymin>
			<xmax>251</xmax>
			<ymax>536</ymax>
		</bndbox>
	</object>
</annotation>