<annotation>
	<folder>my-project-name</folder>
	<filename>20240402-112303.jpg</filename>
	<path>/my-project-name/20240402-112303.jpg</path>
	<source>
		<database>Unspecified</database>
	</source>
	<size>
		<width>1280</width>
		<height>1024</height>
		<depth>3</depth>
	</size>
	<object>
		<name>excavator</name>
		<pose>Unspecified</pose>
		<truncated>0</truncated>
		<difficult>0</difficult>
		<bndbox>
			<xmin>167</xmin>
			<ymin>508</ymin>
			<xmax>489</xmax>
			<ymax>699</ymax>
		</bndbox>
	</object>
	<object>
		<name>steamroller</name>
		<pose>Unspecified</pose>
		<truncated>0</truncated>
		<difficult>0</difficult>
		<bndbox>
			<xmin>180</xmin>
			<ymin>454</ymin>
			<xmax>268</xmax>
			<ymax>525</ymax>
		</bndbox>
	</object>
</annotation>