<annotation>
	<folder>my-project-name</folder>
	<filename>20240402-120053.jpg</filename>
	<path>/my-project-name/20240402-120053.jpg</path>
	<source>
		<database>Unspecified</database>
	</source>
	<size>
		<width>1280</width>
		<height>1024</height>
		<depth>3</depth>
	</size>
	<object>
		<name>steamroller</name>
		<pose>Unspecified</pose>
		<truncated>0</truncated>
		<difficult>0</difficult>
		<bndbox>
			<xmin>176</xmin>
			<ymin>453</ymin>
			<xmax>272</xmax>
			<ymax>533</ymax>
		</bndbox>
	</object>
	<object>
		<name>dump_truck</name>
		<pose>Unspecified</pose>
		<truncated>0</truncated>
		<difficult>0</difficult>
		<bndbox>
			<xmin>322</xmin>
			<ymin>526</ymin>
			<xmax>672</xmax>
			<ymax>675</ymax>
		</bndbox>
	</object>
</annotation>