<annotation>
	<folder>my-project-name</folder>
	<filename>20240402-111739.jpg</filename>
	<path>/my-project-name/20240402-111739.jpg</path>
	<source>
		<database>Unspecified</database>
	</source>
	<size>
		<width>1280</width>
		<height>1024</height>
		<depth>3</depth>
	</size>
	<object>
		<name>excavator</name>
		<pose>Unspecified</pose>
		<truncated>0</truncated>
		<difficult>0</difficult>
		<bndbox>
			<xmin>23</xmin>
			<ymin>473</ymin>
			<xmax>174</xmax>
			<ymax>627</ymax>
		</bndbox>
	</object>
	<object>
		<name>steamroller</name>
		<pose>Unspecified</pose>
		<truncated>0</truncated>
		<difficult>0</difficult>
		<bndbox>
			<xmin>183</xmin>
			<ymin>452</ymin>
			<xmax>271</xmax>
			<ymax>520</ymax>
		</bndbox>
	</object>
	<object>
		<name>dump_truck</name>
		<pose>Unspecified</pose>
		<truncated>0</truncated>
		<difficult>0</difficult>
		<bndbox>
			<xmin>986</xmin>
			<ymin>261</ymin>
			<xmax>1207</xmax>
			<ymax>417</ymax>
		</bndbox>
	</object>
</annotation>