<annotation>
	<folder>my-project-name</folder>
	<filename>20240402-114722.jpg</filename>
	<path>/my-project-name/20240402-114722.jpg</path>
	<source>
		<database>Unspecified</database>
	</source>
	<size>
		<width>1280</width>
		<height>1024</height>
		<depth>3</depth>
	</size>
	<object>
		<name>excavator</name>
		<pose>Unspecified</pose>
		<truncated>0</truncated>
		<difficult>0</difficult>
		<bndbox>
			<xmin>922</xmin>
			<ymin>314</ymin>
			<xmax>1155</xmax>
			<ymax>438</ymax>
		</bndbox>
	</object>
	<object>
		<name>dump_truck</name>
		<pose>Unspecified</pose>
		<truncated>0</truncated>
		<difficult>0</difficult>
		<bndbox>
			<xmin>320</xmin>
			<ymin>485</ymin>
			<xmax>671</xmax>
			<ymax>692</ymax>
		</bndbox>
	</object>
	<object>
		<name>steamroller</name>
		<pose>Unspecified</pose>
		<truncated>0</truncated>
		<difficult>0</difficult>
		<bndbox>
			<xmin>186</xmin>
			<ymin>452</ymin>
			<xmax>270</xmax>
			<ymax>532</ymax>
		</bndbox>
	</object>
</annotation>