<annotation>
	<folder>my-project-name</folder>
	<filename>20240402-115005.jpg</filename>
	<path>/my-project-name/20240402-115005.jpg</path>
	<source>
		<database>Unspecified</database>
	</source>
	<size>
		<width>1280</width>
		<height>1024</height>
		<depth>3</depth>
	</size>
	<object>
		<name>excavator</name>
		<pose>Unspecified</pose>
		<truncated>0</truncated>
		<difficult>0</difficult>
		<bndbox>
			<xmin>582</xmin>
			<ymin>369</ymin>
			<xmax>777</xmax>
			<ymax>509</ymax>
		</bndbox>
	</object>
	<object>
		<name>steamroller</name>
		<pose>Unspecified</pose>
		<truncated>0</truncated>
		<difficult>0</difficult>
		<bndbox>
			<xmin>176</xmin>
			<ymin>456</ymin>
			<xmax>274</xmax>
			<ymax>536</ymax>
		</bndbox>
	</object>
	<object>
		<name>dump_truck</name>
		<pose>Unspecified</pose>
		<truncated>0</truncated>
		<difficult>0</difficult>
		<bndbox>
			<xmin>313</xmin>
			<ymin>527</ymin>
			<xmax>702</xmax>
			<ymax>668</ymax>
		</bndbox>
	</object>
</annotation>