<annotation>
	<folder>contraloria</folder>
	<filename>20240401-102854.jpg</filename>
	<path>/contraloria/20240401-102854.jpg</path>
	<source>
		<database>Unspecified</database>
	</source>
	<size>
		<width>1280</width>
		<height>1024</height>
		<depth>3</depth>
	</size>
	<object>
		<name>person</name>
		<pose>Unspecified</pose>
		<truncated>0</truncated>
		<difficult>0</difficult>
		<bndbox>
			<xmin>806</xmin>
			<ymin>391</ymin>
			<xmax>835</xmax>
			<ymax>459</ymax>
		</bndbox>
	</object>
</annotation>