<annotation>
	<folder>my-project-name</folder>
	<filename>20240402-091858.jpg</filename>
	<path>/my-project-name/20240402-091858.jpg</path>
	<source>
		<database>Unspecified</database>
	</source>
	<size>
		<width>1280</width>
		<height>1024</height>
		<depth>3</depth>
	</size>
	<object>
		<name>person</name>
		<pose>Unspecified</pose>
		<truncated>0</truncated>
		<difficult>0</difficult>
		<bndbox>
			<xmin>1072</xmin>
			<ymin>362</ymin>
			<xmax>1111</xmax>
			<ymax>452</ymax>
		</bndbox>
	</object>
	<object>
		<name>steamroller</name>
		<pose>Unspecified</pose>
		<truncated>0</truncated>
		<difficult>0</difficult>
		<bndbox>
			<xmin>180</xmin>
			<ymin>450</ymin>
			<xmax>278</xmax>
			<ymax>529</ymax>
		</bndbox>
	</object>
</annotation>