<annotation>
	<folder>my-project-name</folder>
	<filename>20240402-115125.jpg</filename>
	<path>/my-project-name/20240402-115125.jpg</path>
	<source>
		<database>Unspecified</database>
	</source>
	<size>
		<width>1280</width>
		<height>1024</height>
		<depth>3</depth>
	</size>
	<object>
		<name>dump_truck</name>
		<pose>Unspecified</pose>
		<truncated>0</truncated>
		<difficult>0</difficult>
		<bndbox>
			<xmin>316</xmin>
			<ymin>508</ymin>
			<xmax>693</xmax>
			<ymax>692</ymax>
		</bndbox>
	</object>
	<object>
		<name>excavator</name>
		<pose>Unspecified</pose>
		<truncated>0</truncated>
		<difficult>0</difficult>
		<bndbox>
			<xmin>578</xmin>
			<ymin>359</ymin>
			<xmax>811</xmax>
			<ymax>525</ymax>
		</bndbox>
	</object>
	<object>
		<name>steamroller</name>
		<pose>Unspecified</pose>
		<truncated>0</truncated>
		<difficult>0</difficult>
		<bndbox>
			<xmin>176</xmin>
			<ymin>459</ymin>
			<xmax>271</xmax>
			<ymax>530</ymax>
		</bndbox>
	</object>
</annotation>