<annotation>
	<folder>my-project-name</folder>
	<filename>20240402-111618.jpg</filename>
	<path>/my-project-name/20240402-111618.jpg</path>
	<source>
		<database>Unspecified</database>
	</source>
	<size>
		<width>1280</width>
		<height>1024</height>
		<depth>3</depth>
	</size>
	<object>
		<name>dump_truck</name>
		<pose>Unspecified</pose>
		<truncated>0</truncated>
		<difficult>0</difficult>
		<bndbox>
			<xmin>971</xmin>
			<ymin>268</ymin>
			<xmax>1173</xmax>
			<ymax>417</ymax>
		</bndbox>
	</object>
	<object>
		<name>steamroller</name>
		<pose>Unspecified</pose>
		<truncated>0</truncated>
		<difficult>0</difficult>
		<bndbox>
			<xmin>181</xmin>
			<ymin>459</ymin>
			<xmax>267</xmax>
			<ymax>527</ymax>
		</bndbox>
	</object>
	<object>
		<name>excavator</name>
		<pose>Unspecified</pose>
		<truncated>0</truncated>
		<difficult>0</difficult>
		<bndbox>
			<xmin>26</xmin>
			<ymin>466</ymin>
			<xmax>173</xmax>
			<ymax>614</ymax>
		</bndbox>
	</object>
</annotation>