<annotation>
	<folder>my-project-name</folder>
	<filename>20240402-060025.jpg</filename>
	<path>/my-project-name/20240402-060025.jpg</path>
	<source>
		<database>Unspecified</database>
	</source>
	<size>
		<width>1280</width>
		<height>1024</height>
		<depth>3</depth>
	</size>
	<object>
		<name>steamroller</name>
		<pose>Unspecified</pose>
		<truncated>0</truncated>
		<difficult>0</difficult>
		<bndbox>
			<xmin>159</xmin>
			<ymin>456</ymin>
			<xmax>254</xmax>
			<ymax>532</ymax>
		</bndbox>
	</object>
</annotation>