<annotation>
	<folder>my-project-name</folder>
	<filename>20240402-120213.jpg</filename>
	<path>/my-project-name/20240402-120213.jpg</path>
	<source>
		<database>Unspecified</database>
	</source>
	<size>
		<width>1280</width>
		<height>1024</height>
		<depth>3</depth>
	</size>
	<object>
		<name>dump_truck</name>
		<pose>Unspecified</pose>
		<truncated>0</truncated>
		<difficult>0</difficult>
		<bndbox>
			<xmin>324</xmin>
			<ymin>533</ymin>
			<xmax>662</xmax>
			<ymax>672</ymax>
		</bndbox>
	</object>
	<object>
		<name>steamroller</name>
		<pose>Unspecified</pose>
		<truncated>0</truncated>
		<difficult>0</difficult>
		<bndbox>
			<xmin>177</xmin>
			<ymin>452</ymin>
			<xmax>268</xmax>
			<ymax>534</ymax>
		</bndbox>
	</object>
</annotation>