<annotation>
	<folder>my-project-name</folder>
	<filename>20240402-114844.jpg</filename>
	<path>/my-project-name/20240402-114844.jpg</path>
	<source>
		<database>Unspecified</database>
	</source>
	<size>
		<width>1280</width>
		<height>1024</height>
		<depth>3</depth>
	</size>
	<object>
		<name>dump_truck</name>
		<pose>Unspecified</pose>
		<truncated>0</truncated>
		<difficult>0</difficult>
		<bndbox>
			<xmin>285</xmin>
			<ymin>519</ymin>
			<xmax>682</xmax>
			<ymax>686</ymax>
		</bndbox>
	</object>
	<object>
		<name>excavator</name>
		<pose>Unspecified</pose>
		<truncated>0</truncated>
		<difficult>0</difficult>
		<bndbox>
			<xmin>915</xmin>
			<ymin>302</ymin>
			<xmax>1188</xmax>
			<ymax>436</ymax>
		</bndbox>
	</object>
	<object>
		<name>steamroller</name>
		<pose>Unspecified</pose>
		<truncated>0</truncated>
		<difficult>0</difficult>
		<bndbox>
			<xmin>180</xmin>
			<ymin>457</ymin>
			<xmax>268</xmax>
			<ymax>525</ymax>
		</bndbox>
	</object>
</annotation>