<annotation>
	<folder>my-project-name</folder>
	<filename>20240402-115409.jpg</filename>
	<path>/my-project-name/20240402-115409.jpg</path>
	<source>
		<database>Unspecified</database>
	</source>
	<size>
		<width>1280</width>
		<height>1024</height>
		<depth>3</depth>
	</size>
	<object>
		<name>excavator</name>
		<pose>Unspecified</pose>
		<truncated>0</truncated>
		<difficult>0</difficult>
		<bndbox>
			<xmin>1085</xmin>
			<ymin>269</ymin>
			<xmax>1254</xmax>
			<ymax>411</ymax>
		</bndbox>
	</object>
	<object>
		<name>dump_truck</name>
		<pose>Unspecified</pose>
		<truncated>0</truncated>
		<difficult>0</difficult>
		<bndbox>
			<xmin>323</xmin>
			<ymin>520</ymin>
			<xmax>698</xmax>
			<ymax>679</ymax>
		</bndbox>
	</object>
	<object>
		<name>steamroller</name>
		<pose>Unspecified</pose>
		<truncated>0</truncated>
		<difficult>0</difficult>
		<bndbox>
			<xmin>183</xmin>
			<ymin>460</ymin>
			<xmax>271</xmax>
			<ymax>534</ymax>
		</bndbox>
	</object>
</annotation>