<annotation>
	<folder>my-project-name</folder>
	<filename>20240402-124258.jpg</filename>
	<path>/my-project-name/20240402-124258.jpg</path>
	<source>
		<database>Unspecified</database>
	</source>
	<size>
		<width>1280</width>
		<height>1024</height>
		<depth>3</depth>
	</size>
	<object>
		<name>steamroller</name>
		<pose>Unspecified</pose>
		<truncated>0</truncated>
		<difficult>0</difficult>
		<bndbox>
			<xmin>178</xmin>
			<ymin>452</ymin>
			<xmax>275</xmax>
			<ymax>540</ymax>
		</bndbox>
	</object>
	<object>
		<name>excavator</name>
		<pose>Unspecified</pose>
		<truncated>0</truncated>
		<difficult>0</difficult>
		<bndbox>
			<xmin>647</xmin>
			<ymin>330</ymin>
			<xmax>870</xmax>
			<ymax>485</ymax>
		</bndbox>
	</object>
</annotation>