<annotation>
	<folder>my-project-name</folder>
	<filename>20240402-113635.jpg</filename>
	<path>/my-project-name/20240402-113635.jpg</path>
	<source>
		<database>Unspecified</database>
	</source>
	<size>
		<width>1280</width>
		<height>1024</height>
		<depth>3</depth>
	</size>
	<object>
		<name>dump_truck</name>
		<pose>Unspecified</pose>
		<truncated>0</truncated>
		<difficult>0</difficult>
		<bndbox>
			<xmin>70</xmin>
			<ymin>534</ymin>
			<xmax>309</xmax>
			<ymax>687</ymax>
		</bndbox>
	</object>
	<object>
		<name>excavator</name>
		<pose>Unspecified</pose>
		<truncated>0</truncated>
		<difficult>0</difficult>
		<bndbox>
			<xmin>794</xmin>
			<ymin>366</ymin>
			<xmax>949</xmax>
			<ymax>518</ymax>
		</bndbox>
	</object>
	<object>
		<name>steamroller</name>
		<pose>Unspecified</pose>
		<truncated>0</truncated>
		<difficult>0</difficult>
		<bndbox>
			<xmin>181</xmin>
			<ymin>456</ymin>
			<xmax>268</xmax>
			<ymax>525</ymax>
		</bndbox>
	</object>
</annotation>