<annotation>
	<folder>my-project-name</folder>
	<filename>20240402-080654.jpg</filename>
	<path>/my-project-name/20240402-080654.jpg</path>
	<source>
		<database>Unspecified</database>
	</source>
	<size>
		<width>1280</width>
		<height>1024</height>
		<depth>3</depth>
	</size>
	<object>
		<name>person</name>
		<pose>Unspecified</pose>
		<truncated>0</truncated>
		<difficult>0</difficult>
		<bndbox>
			<xmin>1066</xmin>
			<ymin>306</ymin>
			<xmax>1096</xmax>
			<ymax>349</ymax>
		</bndbox>
	</object>
	<object>
		<name>excavator</name>
		<pose>Unspecified</pose>
		<truncated>0</truncated>
		<difficult>0</difficult>
		<bndbox>
			<xmin>423</xmin>
			<ymin>384</ymin>
			<xmax>556</xmax>
			<ymax>495</ymax>
		</bndbox>
	</object>
	<object>
		<name>steamroller</name>
		<pose>Unspecified</pose>
		<truncated>0</truncated>
		<difficult>0</difficult>
		<bndbox>
			<xmin>150</xmin>
			<ymin>456</ymin>
			<xmax>253</xmax>
			<ymax>540</ymax>
		</bndbox>
	</object>
</annotation>