<annotation>
	<folder>my-project-name</folder>
	<filename>20240402-113755.jpg</filename>
	<path>/my-project-name/20240402-113755.jpg</path>
	<source>
		<database>Unspecified</database>
	</source>
	<size>
		<width>1280</width>
		<height>1024</height>
		<depth>3</depth>
	</size>
	<object>
		<name>steamroller</name>
		<pose>Unspecified</pose>
		<truncated>0</truncated>
		<difficult>0</difficult>
		<bndbox>
			<xmin>178</xmin>
			<ymin>456</ymin>
			<xmax>270</xmax>
			<ymax>532</ymax>
		</bndbox>
	</object>
	<object>
		<name>dump_truck</name>
		<pose>Unspecified</pose>
		<truncated>0</truncated>
		<difficult>0</difficult>
		<bndbox>
			<xmin>41</xmin>
			<ymin>534</ymin>
			<xmax>319</xmax>
			<ymax>701</ymax>
		</bndbox>
	</object>
	<object>
		<name>excavator</name>
		<pose>Unspecified</pose>
		<truncated>0</truncated>
		<difficult>0</difficult>
		<bndbox>
			<xmin>863</xmin>
			<ymin>313</ymin>
			<xmax>1069</xmax>
			<ymax>442</ymax>
		</bndbox>
	</object>
</annotation>