<annotation>
	<folder>my-project-name</folder>
	<filename>20240402-115933.jpg</filename>
	<path>/my-project-name/20240402-115933.jpg</path>
	<source>
		<database>Unspecified</database>
	</source>
	<size>
		<width>1280</width>
		<height>1024</height>
		<depth>3</depth>
	</size>
	<object>
		<name>excavator</name>
		<pose>Unspecified</pose>
		<truncated>0</truncated>
		<difficult>0</difficult>
		<bndbox>
			<xmin>890</xmin>
			<ymin>318</ymin>
			<xmax>1193</xmax>
			<ymax>459</ymax>
		</bndbox>
	</object>
	<object>
		<name>dump_truck</name>
		<pose>Unspecified</pose>
		<truncated>0</truncated>
		<difficult>0</difficult>
		<bndbox>
			<xmin>320</xmin>
			<ymin>525</ymin>
			<xmax>688</xmax>
			<ymax>672</ymax>
		</bndbox>
	</object>
	<object>
		<name>steamroller</name>
		<pose>Unspecified</pose>
		<truncated>0</truncated>
		<difficult>0</difficult>
		<bndbox>
			<xmin>178</xmin>
			<ymin>454</ymin>
			<xmax>268</xmax>
			<ymax>534</ymax>
		</bndbox>
	</object>
</annotation>