<annotation>
	<folder>my-project-name</folder>
	<filename>20240402-151107.jpg</filename>
	<path>/my-project-name/20240402-151107.jpg</path>
	<source>
		<database>Unspecified</database>
	</source>
	<size>
		<width>1280</width>
		<height>1024</height>
		<depth>3</depth>
	</size>
	<object>
		<name>steamroller</name>
		<pose>Unspecified</pose>
		<truncated>0</truncated>
		<difficult>0</difficult>
		<bndbox>
			<xmin>184</xmin>
			<ymin>466</ymin>
			<xmax>264</xmax>
			<ymax>535</ymax>
		</bndbox>
	</object>
	<object>
		<name>person</name>
		<pose>Unspecified</pose>
		<truncated>0</truncated>
		<difficult>0</difficult>
		<bndbox>
			<xmin>531</xmin>
			<ymin>583</ymin>
			<xmax>584</xmax>
			<ymax>664</ymax>
		</bndbox>
	</object>
</annotation>