<annotation>
	<folder>my-project-name</folder>
	<filename>20240402-072607.jpg</filename>
	<path>/my-project-name/20240402-072607.jpg</path>
	<source>
		<database>Unspecified</database>
	</source>
	<size>
		<width>1280</width>
		<height>1024</height>
		<depth>3</depth>
	</size>
	<object>
		<name>person</name>
		<pose>Unspecified</pose>
		<truncated>0</truncated>
		<difficult>0</difficult>
		<bndbox>
			<xmin>902</xmin>
			<ymin>361</ymin>
			<xmax>937</xmax>
			<ymax>415</ymax>
		</bndbox>
	</object>
	<object>
		<name>steamroller</name>
		<pose>Unspecified</pose>
		<truncated>0</truncated>
		<difficult>0</difficult>
		<bndbox>
			<xmin>141</xmin>
			<ymin>460</ymin>
			<xmax>261</xmax>
			<ymax>541</ymax>
		</bndbox>
	</object>
</annotation>