<annotation>
	<folder>my-project-name</folder>
	<filename>20240402-112022.jpg</filename>
	<path>/my-project-name/20240402-112022.jpg</path>
	<source>
		<database>Unspecified</database>
	</source>
	<size>
		<width>1280</width>
		<height>1024</height>
		<depth>3</depth>
	</size>
	<object>
		<name>dump_truck</name>
		<pose>Unspecified</pose>
		<truncated>0</truncated>
		<difficult>0</difficult>
		<bndbox>
			<xmin>958</xmin>
			<ymin>268</ymin>
			<xmax>1146</xmax>
			<ymax>414</ymax>
		</bndbox>
	</object>
	<object>
		<name>steamroller</name>
		<pose>Unspecified</pose>
		<truncated>0</truncated>
		<difficult>0</difficult>
		<bndbox>
			<xmin>177</xmin>
			<ymin>453</ymin>
			<xmax>265</xmax>
			<ymax>532</ymax>
		</bndbox>
	</object>
</annotation>