<annotation>
	<folder>my-project-name</folder>
	<filename>20240402-171455.jpg</filename>
	<path>/my-project-name/20240402-171455.jpg</path>
	<source>
		<database>Unspecified</database>
	</source>
	<size>
		<width>1280</width>
		<height>1024</height>
		<depth>3</depth>
	</size>
	<object>
		<name>steamroller</name>
		<pose>Unspecified</pose>
		<truncated>0</truncated>
		<difficult>0</difficult>
		<bndbox>
			<xmin>184</xmin>
			<ymin>455</ymin>
			<xmax>266</xmax>
			<ymax>532</ymax>
		</bndbox>
	</object>
	<object>
		<name>excavator</name>
		<pose>Unspecified</pose>
		<truncated>0</truncated>
		<difficult>0</difficult>
		<bndbox>
			<xmin>284</xmin>
			<ymin>445</ymin>
			<xmax>498</xmax>
			<ymax>554</ymax>
		</bndbox>
	</object>
</annotation>