<annotation>
	<folder>my-project-name</folder>
	<filename>20240402-110933.jpg</filename>
	<path>/my-project-name/20240402-110933.jpg</path>
	<source>
		<database>Unspecified</database>
	</source>
	<size>
		<width>1280</width>
		<height>1024</height>
		<depth>3</depth>
	</size>
	<object>
		<name>excavator</name>
		<pose>Unspecified</pose>
		<truncated>0</truncated>
		<difficult>0</difficult>
		<bndbox>
			<xmin>364</xmin>
			<ymin>467</ymin>
			<xmax>768</xmax>
			<ymax>689</ymax>
		</bndbox>
	</object>
	<object>
		<name>steamroller</name>
		<pose>Unspecified</pose>
		<truncated>0</truncated>
		<difficult>0</difficult>
		<bndbox>
			<xmin>180</xmin>
			<ymin>446</ymin>
			<xmax>263</xmax>
			<ymax>522</ymax>
		</bndbox>
	</object>
	<object>
		<name>dump_truck</name>
		<pose>Unspecified</pose>
		<truncated>0</truncated>
		<difficult>0</difficult>
		<bndbox>
			<xmin>928</xmin>
			<ymin>325</ymin>
			<xmax>1280</xmax>
			<ymax>675</ymax>
		</bndbox>
	</object>
</annotation>