<annotation>
	<folder>my-project-name</folder>
	<filename>20240402-092946.jpg</filename>
	<path>/my-project-name/20240402-092946.jpg</path>
	<source>
		<database>Unspecified</database>
	</source>
	<size>
		<width>1280</width>
		<height>1024</height>
		<depth>3</depth>
	</size>
	<object>
		<name>excavator</name>
		<pose>Unspecified</pose>
		<truncated>0</truncated>
		<difficult>0</difficult>
		<bndbox>
			<xmin>1045</xmin>
			<ymin>454</ymin>
			<xmax>1280</xmax>
			<ymax>649</ymax>
		</bndbox>
	</object>
	<object>
		<name>steamroller</name>
		<pose>Unspecified</pose>
		<truncated>0</truncated>
		<difficult>0</difficult>
		<bndbox>
			<xmin>176</xmin>
			<ymin>452</ymin>
			<xmax>271</xmax>
			<ymax>527</ymax>
		</bndbox>
	</object>
	<object>
		<name>person</name>
		<pose>Unspecified</pose>
		<truncated>0</truncated>
		<difficult>0</difficult>
		<bndbox>
			<xmin>801</xmin>
			<ymin>474</ymin>
			<xmax>839</xmax>
			<ymax>562</ymax>
		</bndbox>
	</object>
</annotation>