<annotation>
	<folder>my-project-name</folder>
	<filename>20240402-114038.jpg</filename>
	<path>/my-project-name/20240402-114038.jpg</path>
	<source>
		<database>Unspecified</database>
	</source>
	<size>
		<width>1280</width>
		<height>1024</height>
		<depth>3</depth>
	</size>
	<object>
		<name>steamroller</name>
		<pose>Unspecified</pose>
		<truncated>0</truncated>
		<difficult>0</difficult>
		<bndbox>
			<xmin>176</xmin>
			<ymin>456</ymin>
			<xmax>268</xmax>
			<ymax>530</ymax>
		</bndbox>
	</object>
	<object>
		<name>excavator</name>
		<pose>Unspecified</pose>
		<truncated>0</truncated>
		<difficult>0</difficult>
		<bndbox>
			<xmin>869</xmin>
			<ymin>321</ymin>
			<xmax>1099</xmax>
			<ymax>449</ymax>
		</bndbox>
	</object>
	<object>
		<name>dump_truck</name>
		<pose>Unspecified</pose>
		<truncated>0</truncated>
		<difficult>0</difficult>
		<bndbox>
			<xmin>49</xmin>
			<ymin>522</ymin>
			<xmax>329</xmax>
			<ymax>701</ymax>
		</bndbox>
	</object>
</annotation>