<annotation>
	<folder>my-project-name</folder>
	<filename>20240402-111054.jpg</filename>
	<path>/my-project-name/20240402-111054.jpg</path>
	<source>
		<database>Unspecified</database>
	</source>
	<size>
		<width>1280</width>
		<height>1024</height>
		<depth>3</depth>
	</size>
	<object>
		<name>dump_truck</name>
		<pose>Unspecified</pose>
		<truncated>0</truncated>
		<difficult>0</difficult>
		<bndbox>
			<xmin>834</xmin>
			<ymin>332</ymin>
			<xmax>1280</xmax>
			<ymax>663</ymax>
		</bndbox>
	</object>
	<object>
		<name>excavator</name>
		<pose>Unspecified</pose>
		<truncated>0</truncated>
		<difficult>0</difficult>
		<bndbox>
			<xmin>357</xmin>
			<ymin>463</ymin>
			<xmax>768</xmax>
			<ymax>682</ymax>
		</bndbox>
	</object>
	<object>
		<name>steamroller</name>
		<pose>Unspecified</pose>
		<truncated>0</truncated>
		<difficult>0</difficult>
		<bndbox>
			<xmin>174</xmin>
			<ymin>447</ymin>
			<xmax>265</xmax>
			<ymax>527</ymax>
		</bndbox>
	</object>
</annotation>