<annotation>
	<folder>my-project-name</folder>
	<filename>20240402-115811.jpg</filename>
	<path>/my-project-name/20240402-115811.jpg</path>
	<source>
		<database>Unspecified</database>
	</source>
	<size>
		<width>1280</width>
		<height>1024</height>
		<depth>3</depth>
	</size>
	<object>
		<name>steamroller</name>
		<pose>Unspecified</pose>
		<truncated>0</truncated>
		<difficult>0</difficult>
		<bndbox>
			<xmin>176</xmin>
			<ymin>459</ymin>
			<xmax>271</xmax>
			<ymax>529</ymax>
		</bndbox>
	</object>
	<object>
		<name>dump_truck</name>
		<pose>Unspecified</pose>
		<truncated>0</truncated>
		<difficult>0</difficult>
		<bndbox>
			<xmin>320</xmin>
			<ymin>526</ymin>
			<xmax>685</xmax>
			<ymax>676</ymax>
		</bndbox>
	</object>
	<object>
		<name>excavator</name>
		<pose>Unspecified</pose>
		<truncated>0</truncated>
		<difficult>0</difficult>
		<bndbox>
			<xmin>686</xmin>
			<ymin>352</ymin>
			<xmax>937</xmax>
			<ymax>494</ymax>
		</bndbox>
	</object>
</annotation>