<annotation>
	<folder>my-project-name</folder>
	<filename>20240402-072446.jpg</filename>
	<path>/my-project-name/20240402-072446.jpg</path>
	<source>
		<database>Unspecified</database>
	</source>
	<size>
		<width>1280</width>
		<height>1024</height>
		<depth>3</depth>
	</size>
	<object>
		<name>person</name>
		<pose>Unspecified</pose>
		<truncated>0</truncated>
		<difficult>0</difficult>
		<bndbox>
			<xmin>726</xmin>
			<ymin>561</ymin>
			<xmax>796</xmax>
			<ymax>682</ymax>
		</bndbox>
	</object>
	<object>
		<name>person</name>
		<pose>Unspecified</pose>
		<truncated>0</truncated>
		<difficult>0</difficult>
		<bndbox>
			<xmin>1033</xmin>
			<ymin>355</ymin>
			<xmax>1071</xmax>
			<ymax>417</ymax>
		</bndbox>
	</object>
	<object>
		<name>steamroller</name>
		<pose>Unspecified</pose>
		<truncated>0</truncated>
		<difficult>0</difficult>
		<bndbox>
			<xmin>139</xmin>
			<ymin>463</ymin>
			<xmax>260</xmax>
			<ymax>544</ymax>
		</bndbox>
	</object>
</annotation>