<annotation>
	<folder>my-project-name</folder>
	<filename>20240402-120335.jpg</filename>
	<path>/my-project-name/20240402-120335.jpg</path>
	<source>
		<database>Unspecified</database>
	</source>
	<size>
		<width>1280</width>
		<height>1024</height>
		<depth>3</depth>
	</size>
	<object>
		<name>steamroller</name>
		<pose>Unspecified</pose>
		<truncated>0</truncated>
		<difficult>0</difficult>
		<bndbox>
			<xmin>184</xmin>
			<ymin>453</ymin>
			<xmax>265</xmax>
			<ymax>532</ymax>
		</bndbox>
	</object>
	<object>
		<name>dump_truck</name>
		<pose>Unspecified</pose>
		<truncated>0</truncated>
		<difficult>0</difficult>
		<bndbox>
			<xmin>323</xmin>
			<ymin>527</ymin>
			<xmax>668</xmax>
			<ymax>663</ymax>
		</bndbox>
	</object>
</annotation>