<annotation>
	<folder>my-project-name</folder>
	<filename>20240402-114319.jpg</filename>
	<path>/my-project-name/20240402-114319.jpg</path>
	<source>
		<database>Unspecified</database>
	</source>
	<size>
		<width>1280</width>
		<height>1024</height>
		<depth>3</depth>
	</size>
	<object>
		<name>excavator</name>
		<pose>Unspecified</pose>
		<truncated>0</truncated>
		<difficult>0</difficult>
		<bndbox>
			<xmin>550</xmin>
			<ymin>377</ymin>
			<xmax>762</xmax>
			<ymax>518</ymax>
		</bndbox>
	</object>
	<object>
		<name>steamroller</name>
		<pose>Unspecified</pose>
		<truncated>0</truncated>
		<difficult>0</difficult>
		<bndbox>
			<xmin>181</xmin>
			<ymin>456</ymin>
			<xmax>268</xmax>
			<ymax>529</ymax>
		</bndbox>
	</object>
	<object>
		<name>dump_truck</name>
		<pose>Unspecified</pose>
		<truncated>0</truncated>
		<difficult>0</difficult>
		<bndbox>
			<xmin>75</xmin>
			<ymin>532</ymin>
			<xmax>326</xmax>
			<ymax>686</ymax>
		</bndbox>
	</object>
</annotation>