<annotation>
	<folder>my-project-name</folder>
	<filename>20240402-115651.jpg</filename>
	<path>/my-project-name/20240402-115651.jpg</path>
	<source>
		<database>Unspecified</database>
	</source>
	<size>
		<width>1280</width>
		<height>1024</height>
		<depth>3</depth>
	</size>
	<object>
		<name>excavator</name>
		<pose>Unspecified</pose>
		<truncated>0</truncated>
		<difficult>0</difficult>
		<bndbox>
			<xmin>914</xmin>
			<ymin>320</ymin>
			<xmax>1280</xmax>
			<ymax>513</ymax>
		</bndbox>
	</object>
	<object>
		<name>dump_truck</name>
		<pose>Unspecified</pose>
		<truncated>0</truncated>
		<difficult>0</difficult>
		<bndbox>
			<xmin>308</xmin>
			<ymin>525</ymin>
			<xmax>696</xmax>
			<ymax>676</ymax>
		</bndbox>
	</object>
	<object>
		<name>steamroller</name>
		<pose>Unspecified</pose>
		<truncated>0</truncated>
		<difficult>0</difficult>
		<bndbox>
			<xmin>174</xmin>
			<ymin>456</ymin>
			<xmax>270</xmax>
			<ymax>533</ymax>
		</bndbox>
	</object>
</annotation>