<annotation>
	<folder>my-project-name</folder>
	<filename>20240402-092139.jpg</filename>
	<path>/my-project-name/20240402-092139.jpg</path>
	<source>
		<database>Unspecified</database>
	</source>
	<size>
		<width>1280</width>
		<height>1024</height>
		<depth>3</depth>
	</size>
	<object>
		<name>steamroller</name>
		<pose>Unspecified</pose>
		<truncated>0</truncated>
		<difficult>0</difficult>
		<bndbox>
			<xmin>181</xmin>
			<ymin>450</ymin>
			<xmax>267</xmax>
			<ymax>533</ymax>
		</bndbox>
	</object>
	<object>
		<name>excavator</name>
		<pose>Unspecified</pose>
		<truncated>0</truncated>
		<difficult>0</difficult>
		<bndbox>
			<xmin>540</xmin>
			<ymin>352</ymin>
			<xmax>731</xmax>
			<ymax>483</ymax>
		</bndbox>
	</object>
</annotation>