<annotation>
	<folder>my-project-name</folder>
	<filename>20240402-091050.jpg</filename>
	<path>/my-project-name/20240402-091050.jpg</path>
	<source>
		<database>Unspecified</database>
	</source>
	<size>
		<width>1280</width>
		<height>1024</height>
		<depth>3</depth>
	</size>
	<object>
		<name>person</name>
		<pose>Unspecified</pose>
		<truncated>0</truncated>
		<difficult>0</difficult>
		<bndbox>
			<xmin>1085</xmin>
			<ymin>339</ymin>
			<xmax>1116</xmax>
			<ymax>414</ymax>
		</bndbox>
	</object>
	<object>
		<name>steamroller</name>
		<pose>Unspecified</pose>
		<truncated>0</truncated>
		<difficult>0</difficult>
		<bndbox>
			<xmin>181</xmin>
			<ymin>453</ymin>
			<xmax>270</xmax>
			<ymax>527</ymax>
		</bndbox>
	</object>
	<object>
		<name>excavator</name>
		<pose>Unspecified</pose>
		<truncated>0</truncated>
		<difficult>0</difficult>
		<bndbox>
			<xmin>796</xmin>
			<ymin>365</ymin>
			<xmax>984</xmax>
			<ymax>562</ymax>
		</bndbox>
	</object>
</annotation>