<annotation>
	<folder>my-project-name</folder>
	<filename>20240402-150137.jpg</filename>
	<path>/my-project-name/20240402-150137.jpg</path>
	<source>
		<database>Unspecified</database>
	</source>
	<size>
		<width>1280</width>
		<height>1024</height>
		<depth>3</depth>
	</size>
	<object>
		<name>person</name>
		<pose>Unspecified</pose>
		<truncated>0</truncated>
		<difficult>0</difficult>
		<bndbox>
			<xmin>398</xmin>
			<ymin>602</ymin>
			<xmax>443</xmax>
			<ymax>688</ymax>
		</bndbox>
	</object>
	<object>
		<name>steamroller</name>
		<pose>Unspecified</pose>
		<truncated>0</truncated>
		<difficult>0</difficult>
		<bndbox>
			<xmin>185</xmin>
			<ymin>468</ymin>
			<xmax>262</xmax>
			<ymax>529</ymax>
		</bndbox>
	</object>
</annotation>