<annotation>
	<folder>my-project-name</folder>
	<filename>20240402-091210.jpg</filename>
	<path>/my-project-name/20240402-091210.jpg</path>
	<source>
		<database>Unspecified</database>
	</source>
	<size>
		<width>1280</width>
		<height>1024</height>
		<depth>3</depth>
	</size>
	<object>
		<name>person</name>
		<pose>Unspecified</pose>
		<truncated>0</truncated>
		<difficult>0</difficult>
		<bndbox>
			<xmin>1005</xmin>
			<ymin>369</ymin>
			<xmax>1041</xmax>
			<ymax>442</ymax>
		</bndbox>
	</object>
	<object>
		<name>steamroller</name>
		<pose>Unspecified</pose>
		<truncated>0</truncated>
		<difficult>0</difficult>
		<bndbox>
			<xmin>183</xmin>
			<ymin>452</ymin>
			<xmax>267</xmax>
			<ymax>529</ymax>
		</bndbox>
	</object>
</annotation>