<annotation>
	<folder>my-project-name</folder>
	<filename>20240402-111901.jpg</filename>
	<path>/my-project-name/20240402-111901.jpg</path>
	<source>
		<database>Unspecified</database>
	</source>
	<size>
		<width>1280</width>
		<height>1024</height>
		<depth>3</depth>
	</size>
	<object>
		<name>dump_truck</name>
		<pose>Unspecified</pose>
		<truncated>0</truncated>
		<difficult>0</difficult>
		<bndbox>
			<xmin>957</xmin>
			<ymin>269</ymin>
			<xmax>1144</xmax>
			<ymax>418</ymax>
		</bndbox>
	</object>
	<object>
		<name>steamroller</name>
		<pose>Unspecified</pose>
		<truncated>0</truncated>
		<difficult>0</difficult>
		<bndbox>
			<xmin>180</xmin>
			<ymin>456</ymin>
			<xmax>264</xmax>
			<ymax>526</ymax>
		</bndbox>
	</object>
</annotation>