<annotation>
	<folder>my-project-name</folder>
	<filename>20240402-151227.jpg</filename>
	<path>/my-project-name/20240402-151227.jpg</path>
	<source>
		<database>Unspecified</database>
	</source>
	<size>
		<width>1280</width>
		<height>1024</height>
		<depth>3</depth>
	</size>
	<object>
		<name>person</name>
		<pose>Unspecified</pose>
		<truncated>0</truncated>
		<difficult>0</difficult>
		<bndbox>
			<xmin>1132</xmin>
			<ymin>522</ymin>
			<xmax>1197</xmax>
			<ymax>677</ymax>
		</bndbox>
	</object>
	<object>
		<name>person</name>
		<pose>Unspecified</pose>
		<truncated>0</truncated>
		<difficult>0</difficult>
		<bndbox>
			<xmin>292</xmin>
			<ymin>488</ymin>
			<xmax>316</xmax>
			<ymax>524</ymax>
		</bndbox>
	</object>
	<object>
		<name>steamroller</name>
		<pose>Unspecified</pose>
		<truncated>0</truncated>
		<difficult>0</difficult>
		<bndbox>
			<xmin>187</xmin>
			<ymin>468</ymin>
			<xmax>265</xmax>
			<ymax>532</ymax>
		</bndbox>
	</object>
</annotation>