<annotation>
	<folder>my-project-name</folder>
	<filename>20240402-082559.jpg</filename>
	<path>/my-project-name/20240402-082559.jpg</path>
	<source>
		<database>Unspecified</database>
	</source>
	<size>
		<width>1280</width>
		<height>1024</height>
		<depth>3</depth>
	</size>
	<object>
		<name>person</name>
		<pose>Unspecified</pose>
		<truncated>0</truncated>
		<difficult>0</difficult>
		<bndbox>
			<xmin>257</xmin>
			<ymin>491</ymin>
			<xmax>294</xmax>
			<ymax>543</ymax>
		</bndbox>
	</object>
	<object>
		<name>excavator</name>
		<pose>Unspecified</pose>
		<truncated>0</truncated>
		<difficult>0</difficult>
		<bndbox>
			<xmin>598</xmin>
			<ymin>363</ymin>
			<xmax>776</xmax>
			<ymax>459</ymax>
		</bndbox>
	</object>
	<object>
		<name>steamroller</name>
		<pose>Unspecified</pose>
		<truncated>0</truncated>
		<difficult>0</difficult>
		<bndbox>
			<xmin>16</xmin>
			<ymin>525</ymin>
			<xmax>157</xmax>
			<ymax>612</ymax>
		</bndbox>
	</object>
</annotation>